{"cameraMode":{"drawMode":0,"name":"Shaded","section":"Shading Mode"},"sceneLighting":false,"audioPlay":false,"sceneViewState":{"m_AlwaysRefresh":false,"showFog":true,"showSkybox":true,"showFlares":true,"showImageEffects":true,"showParticleSystems":true,"showVisualEffectGraphs":true,"m_FxEnabled":true},"in2DMode":false,"pivot":{"x":1368.7364501953125,"y":511.2803649902344,"z":-153.9322509765625},"rotation":{"x":-0.21488383412361146,"y":-0.06108447164297104,"z":0.013479793444275856,"w":-0.9746571183204651},"size":491.32073974609377,"orthographic":false}