{"cameraMode":{"drawMode":0,"name":"Shaded","section":"Shading Mode"},"sceneLighting":false,"audioPlay":false,"sceneViewState":{"m_AlwaysRefresh":false,"showFog":true,"showSkybox":true,"showFlares":true,"showImageEffects":true,"showParticleSystems":true,"showVisualEffectGraphs":true,"m_FxEnabled":true},"in2DMode":false,"pivot":{"x":3.690441131591797,"y":3.169201374053955,"z":3.688763380050659},"rotation":{"x":0.18412604928016663,"y":-0.8090383410453796,"z":0.3315940797328949,"w":0.44912055134773257},"size":0.007924257777631283,"orthographic":false}